#case_id,protein,mutation_type,predictor,ddg,succ_rate,volume_change,hydrophobicity_change,flexibility,physicochem_class_change,success_tag
A386C,ACE2,RD,SSIPe,0.191,1,0.09205,-0.33,2,no_change,success
A386E,ACE2,RD,SSIPe,0.222,1,0.27135,-1.36,8,charge_gain,success
A386I,ACE2,E,SSIPe,0.202,0,0.31969,0.76,8,no_change,failure
A386L,ACE2,E,SSIPe,0.161,0,0.32174,0.44,8,no_change,failure
A386M,ACE2,E,SSIPe,0.161,0,0.3317,0.02,26,no_change,failure
A386Q,ACE2,RD,SSIPe,0.208,1,0.29159,-1.47,8,polarity_gain,success
D30A,ACE2,RD,SSIPe,0.855,1,-0.15349,1.52,-2,charge_loss,success
D30E,ACE2,E,SSIPe,0.712,0,0.11786,0.16,6,no_change,failure
D30F,ACE2,MD,SSIPe,0.193,1,0.34247,2.09,0,charge_loss,success
D30I,ACE2,E,SSIPe,0.396,0,0.1662,2.28,6,charge_loss,failure
D30N,ACE2,RD,SSIPe,0.844,1,0.01921,0.12,0,charge_loss,success
D30P,ACE2,RD,SSIPe,2.071,1,0.01739,1.02,-1,charge_loss,success
D30T,ACE2,E,SSIPe,0.259,0,-0.0171,0.85,0,charge_loss,failure
D30V,ACE2,E,SSIPe,0.214,0,0.04623,1.98,0,charge_loss,failure
D355I,ACE2,MD,SSIPe,0.467,1,0.1662,2.28,6,charge_loss,success
D355K,ACE2,MD,SSIPe,1.338,1,0.24312,-0.6,78,no_change,success
D355M,ACE2,RD,SSIPe,0.301,1,0.17821,1.54,24,charge_loss,success
D355P,ACE2,MD,SSIPe,1.884,1,0.01739,1.02,-1,charge_loss,success
D38C,ACE2,MD,SSIPe,0.570,1,-0.06144,1.19,0,charge_loss,success
D38G,ACE2,RD,SSIPe,0.896,1,-0.20772,1.38,-2,charge_loss,success
D38R,ACE2,MD,SSIPe,0.739,1,0.37895,-1.63,78,no_change,success
D38W,ACE2,MD,SSIPe,-0.276,0,0.583,1.71,0,charge_loss,failure
D38Y,ACE2,MD,SSIPe,0.018,1,0.40099,1.16,0,charge_loss,success
E35A,ACE2,E,SSIPe,0.525,0,-0.27135,1.36,-8,charge_loss,failure
E35C,ACE2,E,SSIPe,0.229,0,-0.1793,1.03,-6,charge_loss,failure
E35D,ACE2,E,SSIPe,0.851,0,-0.11786,-0.16,-6,no_change,failure
E35M,ACE2,E,SSIPe,-0.030,1,0.06035,1.38,18,charge_loss,success
E35Q,ACE2,E,SSIPe,0.963,0,0.02024,-0.11,0,charge_loss,failure
E35V,ACE2,E,SSIPe,0.092,0,-0.07163,1.82,-6,charge_loss,failure
E37C,ACE2,MD,SSIPe,0.551,1,-0.1793,1.03,-6,charge_loss,success
E37F,ACE2,MD,SSIPe,0.178,1,0.22461,1.93,-6,charge_loss,success
E37G,ACE2,RD,SSIPe,0.854,1,-0.32558,1.22,-8,charge_loss,success
E37I,ACE2,MD,SSIPe,0.531,1,0.04834,2.12,0,charge_loss,success
E37K,ACE2,RD,SSIPe,1.119,1,0.12526,-0.76,72,no_change,success
E37L,ACE2,RD,SSIPe,-0.305,0,0.05039,1.8,0,charge_loss,failure
E37M,ACE2,RD,SSIPe,0.105,1,0.06035,1.38,18,charge_loss,success
E37R,ACE2,RD,SSIPe,0.622,1,0.26109,-1.79,72,no_change,success
E37T,ACE2,RD,SSIPe,0.404,1,-0.13496,0.69,-6,charge_loss,success
E37V,ACE2,RD,SSIPe,0.401,1,-0.07163,1.82,-6,charge_loss,success
E484K,RBD,E,SSIPe,0.953,0,0.12526,-0.76,72,no_change,failure
E484Q,RBD,E,SSIPe,0.997,0,0.02024,-0.11,0,charge_loss,failure
E484R,RBD,E,SSIPe,0.743,0,0.26109,-1.79,72,no_change,failure
E484S,RBD,RD,SSIPe,0.776,1,-0.23633,0.56,-6,charge_loss,success
E484T,RBD,E,SSIPe,0.054,0,-0.13496,0.69,-6,charge_loss,failure
F28C,ACE2,RD,SSIPe,1.016,1,-0.40391,-0.9,0,no_change,success
F28E,ACE2,MD,SSIPe,1.632,1,-0.22461,-1.93,6,charge_gain,success
F28G,ACE2,MD,SSIPe,1.298,1,-0.55019,-0.71,-2,no_change,success
F28K,ACE2,MD,SSIPe,1.713,1,-0.09935,-2.69,78,charge_gain,success
F28L,ACE2,RD,SSIPe,0.242,1,-0.17422,-0.13,6,no_change,success
F28N,ACE2,MD,SSIPe,1.458,1,-0.32326,-1.97,0,polarity_gain,success
F28Q,ACE2,MD,SSIPe,1.914,1,-0.20437,-2.04,6,polarity_gain,success
F28T,ACE2,RD,SSIPe,1.029,1,-0.35957,-1.24,0,polarity_gain,success
F28V,ACE2,RD,SSIPe,0.893,1,-0.29624,-0.11,0,no_change,success
F28Y,ACE2,E,SSIPe,0.512,0,0.05852,-0.93,0,polarity_gain,failure
F456V,RBD,RD,SSIPe,1.384,1,-0.29624,-0.11,0,no_change,success
F490A,RBD,E,SSIPe,0.208,0,-0.49596,-0.57,-2,no_change,failure
F490K,RBD,E,SSIPe,0.000,1,-0.09935,-2.69,78,charge_gain,success
F490M,RBD,RD,SSIPe,0.000,1,-0.16426,-0.55,24,no_change,success
F490N,RBD,E,SSIPe,0.215,0,-0.32326,-1.97,0,polarity_gain,failure
F490R,RBD,E,SSIPe,0.297,0,0.03648,-3.72,78,charge_gain,failure
F490Y,RBD,E,SSIPe,0.000,1,0.05852,-0.93,0,polarity_gain,success
G326C,ACE2,MD,SSIPe,0.123,1,0.14628,-0.19,2,no_change,success
G326F,ACE2,MD,SSIPe,0.880,1,0.55019,0.71,2,no_change,success
G326H,ACE2,MD,SSIPe,0.185,1,0.37415,-0.88,2,polarity_gain,success
G326T,ACE2,RD,SSIPe,0.082,1,0.19062,-0.53,2,polarity_gain,success
G326W,ACE2,RD,SSIPe,0.884,1,0.79072,0.33,2,no_change,success
G326Y,ACE2,RD,SSIPe,2.005,1,0.60871,-0.22,2,polarity_gain,success
G354I,ACE2,MD,SSIPe,0.248,1,0.37392,0.9,8,no_change,success
G354K,ACE2,MD,SSIPe,1.130,1,0.45084,-1.98,80,charge_gain,success
G354Q,ACE2,MD,SSIPe,1.849,1,0.34582,-1.33,8,polarity_gain,success
G354Y,ACE2,RD,SSIPe,-0.842,0,0.60871,-0.22,2,polarity_gain,failure
G446S,RBD,RD,SSIPe,0.993,1,0.08925,-0.66,2,polarity_gain,success
G476L,RBD,RD,SSIPe,-0.356,0,0.37597,0.58,8,no_change,failure
G476S,RBD,RD,SSIPe,0.983,1,0.08925,-0.66,2,polarity_gain,success
G502A,RBD,MD,SSIPe,1.175,1,0.05423,0.14,0,no_change,success
G502E,RBD,MD,SSIPe,1.509,1,0.32558,-1.22,8,charge_gain,success
G502F,RBD,MD,SSIPe,0.039,1,0.55019,0.71,2,no_change,success
G502I,RBD,MD,SSIPe,0.978,1,0.37392,0.9,8,no_change,success
G502K,RBD,MD,SSIPe,2.296,1,0.45084,-1.98,80,charge_gain,success
G502L,RBD,MD,SSIPe,-0.198,0,0.37597,0.58,8,no_change,failure
G502M,RBD,MD,SSIPe,0.065,1,0.38593,0.16,26,no_change,success
G502N,RBD,MD,SSIPe,1.666,1,0.22693,-1.26,2,polarity_gain,success
G502V,RBD,MD,SSIPe,0.732,1,0.25395,0.6,2,no_change,success
H34A,ACE2,E,SSIPe,0.923,0,-0.31992,1.02,-2,polarity_loss,failure
H34F,ACE2,MD,SSIPe,-0.111,0,0.17604,1.59,0,polarity_loss,failure
H34K,ACE2,RD,SSIPe,1.164,1,0.07669,-1.1,78,charge_gain,success
H34P,ACE2,E,SSIPe,2.026,0,-0.14904,0.52,-1,polarity_loss,failure
H34Q,ACE2,RD,SSIPe,1.314,1,-0.02833,-0.45,6,no_change,success
H34S,ACE2,E,SSIPe,1.004,0,-0.2849,0.22,0,no_change,failure
H34V,ACE2,E,SSIPe,0.217,0,-0.1202,1.48,0,polarity_loss,failure
K31F,ACE2,E,SSIPe,-0.346,1,0.09935,2.69,-78,charge_loss,success
K31M,ACE2,RD,SSIPe,-0.487,0,-0.06491,2.14,-54,charge_loss,failure
K31P,ACE2,MD,SSIPe,1.737,1,-0.22573,1.62,-79,charge_loss,success
K31W,ACE2,E,SSIPe,-0.525,1,0.33988,2.31,-78,charge_loss,success
K31Y,ACE2,E,SSIPe,-0.882,1,0.15787,1.76,-78,charge_loss,success
K353A,ACE2,MD,SSIPe,0.675,1,-0.39661,2.12,-80,charge_loss,success
K353D,ACE2,MD,SSIPe,1.028,1,-0.24312,0.6,-78,no_change,success
K353E,ACE2,RD,SSIPe,0.767,1,-0.12526,0.76,-72,no_change,success
K353G,ACE2,MD,SSIPe,0.913,1,-0.45084,1.98,-80,charge_loss,success
K353H,ACE2,MD,SSIPe,0.460,1,-0.07669,1.1,-78,charge_loss,success
K353R,ACE2,RD,SSIPe,0.797,1,0.13583,-1.03,0,no_change,success
K353S,ACE2,MD,SSIPe,1.090,1,-0.36159,1.32,-78,charge_loss,success
K353V,ACE2,MD,SSIPe,0.180,1,-0.19689,2.58,-78,charge_loss,success
K353W,ACE2,MD,SSIPe,-0.098,0,0.33988,2.31,-78,charge_loss,failure
K417G,RBD,RD,SSIPe,0.615,1,-0.45084,1.98,-80,charge_loss,success
L455M,RBD,E,SSIPe,0.842,0,0.00996,-0.42,18,no_change,failure
L455P,RBD,RD,SSIPe,3.144,1,-0.15086,-0.94,-7,no_change,success
L45G,ACE2,MD,SSIPe,0.260,1,-0.37597,-0.58,-8,no_change,success
L45I,ACE2,E,SSIPe,0.208,0,-0.00205,0.32,0,no_change,failure
L45K,ACE2,RD,SSIPe,-0.098,0,0.07487,-2.56,72,charge_gain,failure
L79F,ACE2,E,SSIPe,0.759,0,0.17422,0.13,-6,no_change,failure
L79G,ACE2,RD,SSIPe,1.854,1,-0.37597,-0.58,-8,no_change,success
L79I,ACE2,E,SSIPe,1.479,0,-0.00205,0.32,0,no_change,failure
L79M,ACE2,E,SSIPe,0.965,0,0.00996,-0.42,18,no_change,failure
L79P,ACE2,E,SSIPe,3.053,0,-0.15086,-0.94,-7,no_change,failure
L79R,ACE2,E,SSIPe,1.884,0,0.2107,-3.59,72,charge_gain,failure
L79T,ACE2,E,SSIPe,1.377,0,-0.18535,-1.11,-6,polarity_gain,failure
L79V,ACE2,E,SSIPe,1.370,0,-0.12202,0.02,-6,no_change,failure
L79W,ACE2,E,SSIPe,0.225,0,0.41475,-0.25,-6,no_change,failure
L79Y,ACE2,E,SSIPe,0.897,0,0.23274,-0.8,-6,polarity_gain,failure
M82C,ACE2,E,SSIPe,1.095,0,-0.23965,-0.35,-24,no_change,failure
M82G,ACE2,E,SSIPe,1.644,0,-0.38593,-0.16,-26,no_change,failure
M82L,ACE2,E,SSIPe,0.059,0,-0.00996,0.42,-18,no_change,failure
M82P,ACE2,RD,SSIPe,2.552,1,-0.16082,-0.52,-25,no_change,success
M82R,ACE2,E,SSIPe,1.214,0,0.20074,-3.17,54,charge_gain,failure
N330D,ACE2,RD,SSIPe,0.797,1,-0.01921,-0.12,0,charge_gain,success
N330F,ACE2,E,SSIPe,-0.404,1,0.32326,1.97,0,polarity_loss,success
N330H,ACE2,E,SSIPe,0.627,0,0.14722,0.38,0,no_change,failure
N330L,ACE2,E,SSIPe,-0.852,1,0.14904,1.84,6,polarity_loss,success
N330Q,ACE2,E,SSIPe,0.864,0,0.11889,-0.07,6,no_change,failure
N330R,ACE2,RD,SSIPe,0.487,1,0.35974,-1.75,78,charge_gain,success
N330W,ACE2,E,SSIPe,-0.859,1,0.56379,1.59,0,polarity_loss,success
N330Y,ACE2,E,SSIPe,0.086,0,0.38178,1.04,0,no_change,failure
N487D,RBD,RD,SSIPe,0.612,1,-0.01921,-0.12,0,charge_gain,success
N487P,RBD,MD,SSIPe,1.386,1,-0.00182,0.9,-1,polarity_loss,success
N487Q,RBD,RD,SSIPe,0.755,1,0.11889,-0.07,6,no_change,success
N501C,RBD,RD,SSIPe,0.099,1,-0.08065,1.07,0,polarity_loss,success
N501F,RBD,E,SSIPe,-0.264,1,0.32326,1.97,0,polarity_loss,success
N501Q,RBD,RD,SSIPe,0.776,1,0.11889,-0.07,6,no_change,success
N501S,RBD,RD,SSIPe,0.930,1,-0.13768,0.6,0,no_change,success
N501T,RBD,E,SSIPe,-0.160,1,-0.03631,0.73,0,no_change,success
N501V,RBD,E,SSIPe,-0.031,1,0.02702,1.86,0,polarity_loss,success
N501W,RBD,E,SSIPe,-0.848,1,0.56379,1.59,0,polarity_loss,success
N501Y,RBD,E,SSIPe,-0.173,1,0.38178,1.04,0,no_change,success
Q24F,ACE2,MD,SSIPe,-0.485,0,0.20437,2.04,-6,polarity_loss,failure
Q24K,ACE2,RD,SSIPe,0.571,1,0.10502,-0.65,72,charge_gain,success
Q24T,ACE2,E,SSIPe,-0.239,1,-0.1552,0.8,-6,no_change,success
Q24Y,ACE2,MD,SSIPe,0.489,1,0.26289,1.11,-6,no_change,success
Q325G,ACE2,E,SSIPe,0.202,0,-0.34582,1.33,-8,polarity_loss,failure
Q325H,ACE2,E,SSIPe,0.202,0,0.02833,0.45,-6,no_change,failure
Q325P,ACE2,E,SSIPe,0.185,0,-0.12071,0.97,-7,polarity_loss,failure
Q325S,ACE2,RD,SSIPe,0.202,1,-0.25657,0.67,-6,no_change,success
Q325T,ACE2,E,SSIPe,0.202,0,-0.1552,0.8,-6,no_change,failure
Q325Y,ACE2,E,SSIPe,0.079,0,0.26289,1.11,-6,no_change,failure
Q42C,ACE2,E,SSIPe,0.706,0,-0.19954,1.14,-6,polarity_loss,failure
Q42H,ACE2,E,SSIPe,1.040,0,0.02833,0.45,-6,no_change,failure
Q42I,ACE2,E,SSIPe,0.692,0,0.0281,2.23,0,polarity_loss,failure
Q42K,ACE2,E,SSIPe,1.117,0,0.10502,-0.65,72,charge_gain,failure
Q42L,ACE2,E,SSIPe,-0.030,1,0.03015,1.91,0,polarity_loss,success
Q42M,ACE2,E,SSIPe,0.338,0,0.04011,1.49,18,polarity_loss,failure
Q42R,ACE2,E,SSIPe,0.668,0,0.24085,-1.68,72,charge_gain,failure
Q42T,ACE2,E,SSIPe,0.596,0,-0.1552,0.8,-6,no_change,failure
Q42V,ACE2,E,SSIPe,0.586,0,-0.09187,1.93,-6,polarity_loss,failure
Q42W,ACE2,MD,SSIPe,0.082,1,0.4449,1.66,-6,polarity_loss,success
Q493A,RBD,E,SSIPe,0.441,0,-0.29159,1.47,-8,polarity_loss,failure
Q493F,RBD,E,SSIPe,-0.627,1,0.20437,2.04,-6,polarity_loss,success
Q493G,RBD,E,SSIPe,0.448,0,-0.34582,1.33,-8,polarity_loss,failure
Q493K,RBD,E,SSIPe,0.474,0,0.10502,-0.65,72,charge_gain,failure
Q493L,RBD,E,SSIPe,-0.844,1,0.03015,1.91,0,polarity_loss,success
Q493M,RBD,E,SSIPe,-0.741,1,0.04011,1.49,18,polarity_loss,success
Q493V,RBD,E,SSIPe,-0.050,1,-0.09187,1.93,-6,polarity_loss,success
Q493Y,RBD,E,SSIPe,-0.986,1,0.26289,1.11,-6,no_change,success
Q498F,RBD,E,SSIPe,-0.634,1,0.20437,2.04,-6,polarity_loss,success
Q498H,RBD,E,SSIPe,0.127,0,0.02833,0.45,-6,no_change,failure
Q498P,RBD,MD,SSIPe,1.418,1,-0.12071,0.97,-7,polarity_loss,success
Q498W,RBD,E,SSIPe,-0.618,1,0.4449,1.66,-6,polarity_loss,success
Q498Y,RBD,E,SSIPe,-0.857,1,0.26289,1.11,-6,no_change,success
R357A,ACE2,MD,SSIPe,0.591,1,-0.53244,3.15,-80,charge_loss,success
R357D,ACE2,MD,SSIPe,0.897,1,-0.37895,1.63,-78,no_change,success
R357E,ACE2,MD,SSIPe,0.765,1,-0.26109,1.79,-72,no_change,success
R357F,ACE2,MD,SSIPe,-0.125,0,-0.03648,3.72,-78,charge_loss,failure
R357G,ACE2,RD,SSIPe,0.591,1,-0.58667,3.01,-80,charge_loss,success
R357I,ACE2,MD,SSIPe,0.309,1,-0.21275,3.91,-72,charge_loss,success
R357N,ACE2,MD,SSIPe,0.897,1,-0.35974,1.75,-78,charge_loss,success
R357P,ACE2,MD,SSIPe,1.797,1,-0.36156,2.65,-79,charge_loss,success
R393A,ACE2,E,SSIPe,0.738,0,-0.53244,3.15,-80,charge_loss,failure
R393H,ACE2,E,SSIPe,0.738,0,-0.21252,2.13,-78,charge_loss,failure
R393K,ACE2,E,SSIPe,1.207,0,-0.13583,1.03,0,no_change,failure
R393M,ACE2,E,SSIPe,0.193,0,-0.20074,3.17,-54,charge_loss,failure
R393S,ACE2,RD,SSIPe,1.044,1,-0.49742,2.35,-78,charge_loss,success
R403W,RBD,MD,SSIPe,0.140,1,0.20405,3.34,-78,charge_loss,success
S19F,ACE2,E,SSIPe,-0.127,1,0.46094,1.37,0,polarity_loss,success
S19I,ACE2,E,SSIPe,0.259,0,0.28467,1.56,6,polarity_loss,failure
S19L,ACE2,RD,SSIPe,-0.477,0,0.28672,1.24,6,polarity_loss,failure
S19N,ACE2,RD,SSIPe,0.848,1,0.13768,-0.6,0,no_change,success
S19P,ACE2,E,SSIPe,1.747,0,0.13586,0.3,-1,polarity_loss,failure
S19T,ACE2,E,SSIPe,0.126,0,0.10137,0.13,0,no_change,failure
S19V,ACE2,E,SSIPe,0.126,0,0.1647,1.26,0,polarity_loss,failure
S19W,ACE2,E,SSIPe,-0.364,1,0.70147,0.99,0,polarity_loss,success
S19Y,ACE2,E,SSIPe,-0.248,1,0.51946,0.44,0,no_change,success
S477D,RBD,E,SSIPe,0.277,0,0.11847,-0.72,0,charge_gain,failure
S477K,RBD,E,SSIPe,0.321,0,0.36159,-1.32,78,charge_gain,failure
S477N,RBD,E,SSIPe,0.000,1,0.13768,-0.6,0,no_change,success
S477P,RBD,E,SSIPe,0.225,0,0.13586,0.3,-1,polarity_loss,failure
S477W,RBD,E,SSIPe,0.144,0,0.70147,0.99,0,polarity_loss,failure
T27A,ACE2,E,SSIPe,1.508,0,-0.13639,0.67,-2,polarity_loss,failure
T27C,ACE2,E,SSIPe,0.956,0,-0.04434,0.34,0,polarity_loss,failure
T27D,ACE2,E,SSIPe,1.845,0,0.0171,-0.85,0,charge_gain,failure
T27F,ACE2,E,SSIPe,0.283,0,0.35957,1.24,0,polarity_loss,failure
T27H,ACE2,E,SSIPe,0.905,0,0.18353,-0.35,0,no_change,failure
T27K,ACE2,E,SSIPe,1.254,0,0.26022,-1.45,78,charge_gain,failure
T27L,ACE2,E,SSIPe,-0.203,1,0.18535,1.11,6,polarity_loss,success
T27M,ACE2,E,SSIPe,0.418,0,0.19531,0.69,24,polarity_loss,failure
T27P,ACE2,E,SSIPe,2.714,0,0.03449,0.17,-1,polarity_loss,failure
T27R,ACE2,E,SSIPe,1.150,0,0.39605,-2.48,78,charge_gain,failure
T27S,ACE2,E,SSIPe,1.882,0,-0.10137,-0.13,0,no_change,failure
T27W,ACE2,E,SSIPe,0.012,0,0.6001,0.86,0,polarity_loss,failure
T27Y,ACE2,E,SSIPe,0.367,0,0.41809,0.31,0,no_change,failure
T324A,ACE2,E,SSIPe,0.000,1,-0.13639,0.67,-2,polarity_loss,success
T324E,ACE2,E,SSIPe,0.256,0,0.13496,-0.69,6,charge_gain,failure
T324G,ACE2,RD,SSIPe,0.000,1,-0.19062,0.53,-2,polarity_loss,success
T324P,ACE2,E,SSIPe,0.000,1,0.03449,0.17,-1,polarity_loss,success
T324Q,ACE2,E,SSIPe,0.471,0,0.1552,-0.8,6,no_change,failure
T324S,ACE2,E,SSIPe,0.000,1,-0.10137,-0.13,0,no_change,success
T500L,RBD,RD,SSIPe,0.588,1,0.18535,1.11,6,polarity_loss,success
T500S,RBD,RD,SSIPe,2.063,1,-0.10137,-0.13,0,no_change,success
V445K,RBD,E,SSIPe,0.171,0,-0.256744,-2.58,78,charge_gain,failure
V445P,RBD,E,SSIPe,0.212,0,-0.256744,-0.96,-1,no_change,failure
V445Q,RBD,RD,SSIPe,0.253,1,-0.256744,-1.93,6,polarity_gain,success
V503I,RBD,E,SSIPe,0.256,0,-0.256745,0.3,6,no_change,failure
V503K,RBD,E,SSIPe,-0.088,1,-0.256745,-2.58,78,charge_gain,success
V503L,RBD,E,SSIPe,0.283,0,-0.256745,-0.02,6,no_change,failure
V503M,RBD,E,SSIPe,0.154,0,-0.256745,-0.44,24,no_change,failure
V503R,RBD,E,SSIPe,-0.006,1,-0.256745,-3.61,78,charge_gain,success
Y41A,ACE2,RD,SSIPe,2.082,1,-0.55448,0.36,-2,polarity_loss,success
Y41I,ACE2,MD,SSIPe,1.800,1,-0.23479,1.12,6,polarity_loss,success
Y41M,ACE2,RD,SSIPe,1.510,1,-0.22278,0.38,24,polarity_loss,success
Y41R,ACE2,E,SSIPe,2.024,0,-0.02204,-2.79,78,charge_gain,failure
Y41W,ACE2,RD,SSIPe,0.873,1,0.18201,0.55,0,polarity_loss,success
Y453D,RBD,MD,SSIPe,1.740,1,-0.40099,-1.16,0,charge_gain,success
Y453E,RBD,RD,SSIPe,1.601,1,-0.28313,-1,6,charge_gain,success
Y453F,RBD,E,SSIPe,0.680,0,-0.05852,0.93,0,polarity_loss,failure
Y453K,RBD,E,SSIPe,1.873,0,-0.15787,-1.76,78,charge_gain,failure
Y453P,RBD,MD,SSIPe,2.653,1,-0.3836,-0.14,-1,polarity_loss,success
Y473D,RBD,MD,SSIPe,1.751,1,-0.40099,-1.16,0,charge_gain,success
Y473K,RBD,MD,SSIPe,1.876,1,-0.15787,-1.76,78,charge_gain,success
Y489A,RBD,RD,SSIPe,2.017,1,-0.55448,0.36,-2,polarity_loss,success
Y489E,RBD,MD,SSIPe,2.208,1,-0.28313,-1,6,charge_gain,success
Y489F,RBD,RD,SSIPe,0.925,1,-0.05852,0.93,0,polarity_loss,success
Y489S,RBD,MD,SSIPe,2.374,1,-0.51946,-0.44,0,no_change,success
Y505C,RBD,RD,SSIPe,2.202,1,-0.46243,0.03,0,polarity_loss,success
Y505D,RBD,MD,SSIPe,2.784,1,-0.40099,-1.16,0,charge_gain,success
Y505G,RBD,MD,SSIPe,2.668,1,-0.60871,0.22,-2,polarity_loss,success
Y505M,RBD,RD,SSIPe,1.377,1,-0.22278,0.38,24,polarity_loss,success
Y505P,RBD,MD,SSIPe,3.755,1,-0.3836,-0.14,-1,polarity_loss,success
Y505W,RBD,E,SSIPe,1.046,0,0.18201,0.55,0,polarity_loss,failure
Y83C,ACE2,E,SSIPe,1.366,0,-0.46243,0.03,0,polarity_loss,failure
Y83D,ACE2,RD,SSIPe,2.006,1,-0.40099,-1.16,0,charge_gain,success
Y83E,ACE2,MD,SSIPe,1.829,1,-0.28313,-1,6,charge_gain,success
Y83L,ACE2,E,SSIPe,0.507,0,-0.23274,0.8,6,polarity_loss,failure
Y83Q,ACE2,MD,SSIPe,2.142,1,-0.26289,-1.11,6,no_change,success
Y83R,ACE2,RD,SSIPe,1.898,1,-0.02204,-2.79,78,charge_gain,success
Y83V,ACE2,E,SSIPe,1.230,0,-0.35476,0.82,0,polarity_loss,failure
