#case_id,exp_binding,protein,haddock-ddg,foldx-ddg,foldxwater-ddg,evoef1-ddg,mutabind2-ddg,ssipe-ddg,volume_change,hydrophobicity_change,flexibility_change,physicochem_property_change,haddock-ddg-prediction,foldx-ddg-prediction,foldxwater-ddg-prediction,evoef1-ddg-prediction,mutabind2-ddg-prediction,ssipe-ddg-prediction
A386I,1.65,ACE2,-3.25,-0.22,-0.26,-0.01,0.28,0.20,0.32,0.76,8,no_change,success,success,success,success,failure,failure
A386L,2.68,ACE2,-1.30,0.12,-0.39,-0.12,0.30,0.16,0.32,0.44,8,no_change,success,failure,success,success,failure,failure
A386M,0.32,ACE2,-1.02,-0.06,-0.08,-0.12,0.20,0.16,0.33,0.02,26,no_change,success,success,success,success,failure,failure
F28Y,0.80,ACE2,-3.81,-0.03,-0.18,-0.22,0.99,0.51,0.06,-0.93,0,polarity_gain,success,success,success,success,failure,failure
L45I,0.20,ACE2,-1.19,0.19,0.23,0.01,0.38,0.21,-0.00,0.32,0,no_change,success,failure,failure,failure,failure,failure
L79F,2.68,ACE2,-4.53,-0.28,-0.46,-0.50,0.16,0.76,0.17,0.13,-6,no_change,success,success,success,success,failure,failure
L79I,2.90,ACE2,2.74,0.17,0.16,0.58,0.27,1.48,-0.00,0.32,0,no_change,failure,failure,failure,failure,failure,failure
L79M,1.03,ACE2,-0.18,-0.08,-0.09,-0.14,-0.19,0.96,0.01,-0.42,18,no_change,success,success,success,success,success,failure
L79P,1.86,ACE2,3.32,1.24,1.14,0.82,0.91,3.05,-0.15,-0.94,-7,no_change,failure,failure,failure,failure,failure,failure
L79R,1.06,ACE2,-1.50,0.47,0.53,-0.86,-0.89,1.88,0.21,-3.59,72,charge_gain,success,failure,failure,success,success,failure
L79T,3.37,ACE2,2.78,0.67,0.31,0.67,0.27,1.38,-0.19,-1.11,-6,polarity_gain,failure,failure,failure,failure,failure,failure
L79V,3.18,ACE2,4.07,0.09,0.26,0.65,0.32,1.37,-0.12,0.02,-6,no_change,failure,failure,failure,failure,failure,failure
L79W,3.29,ACE2,-4.39,-0.47,-0.70,-1.40,0.24,0.23,0.41,-0.25,-6,no_change,success,success,success,success,failure,failure
L79Y,2.86,ACE2,-8.26,-0.01,-0.15,-0.49,-0.08,0.90,0.23,-0.80,-6,polarity_gain,success,success,success,success,success,failure
M82C,1.97,ACE2,1.24,1.19,0.86,0.69,0.32,1.09,-0.24,-0.35,-24,no_change,failure,failure,failure,failure,failure,failure
M82G,1.11,ACE2,3.69,1.58,1.03,1.10,0.76,1.64,-0.39,-0.16,-26,no_change,failure,failure,failure,failure,failure,failure
M82L,0.27,ACE2,-0.91,0.23,0.38,-0.17,0.28,0.06,-0.01,0.42,-18,no_change,success,failure,failure,success,failure,failure
M82R,1.09,ACE2,3.98,0.46,-0.01,-0.29,-0.21,1.21,0.20,-3.17,54,charge_gain,failure,failure,success,success,success,failure
F490A,0.03,RBD,-0.57,0.01,0.00,0.01,0.34,0.21,-0.50,-0.57,-2,no_change,success,failure,failure,failure,failure,failure
F490K,0.09,RBD,0.61,-0.01,-0.04,0.00,-0.02,0.00,-0.10,-2.69,78,charge_gain,failure,success,success,failure,success,failure
F490N,0.02,RBD,-1.32,0.01,0.00,0.03,0.37,0.21,-0.32,-1.97,0,polarity_gain,success,failure,failure,failure,failure,failure
F490R,0.01,RBD,-4.96,-0.15,-0.12,0.27,0.27,0.30,0.04,-3.72,78,charge_gain,success,success,success,failure,failure,failure
F490Y,0.06,RBD,-0.34,0.00,0.00,0.00,0.03,0.00,0.06,-0.93,0,polarity_gain,success,failure,failure,failure,failure,failure
L455M,0.05,RBD,3.90,0.19,0.03,-0.59,0.20,0.84,0.01,-0.42,18,no_change,failure,failure,failure,success,failure,failure
V445K,0.02,RBD,-1.54,-0.27,-0.45,-0.09,-0.30,0.17,0.20,-2.58,78,charge_gain,success,success,success,success,success,failure
V445P,0.03,RBD,-12.87,0.04,0.05,0.03,-0.03,0.21,-0.03,-0.96,-1,no_change,success,failure,failure,failure,success,failure
V503I,0.05,RBD,-4.52,-0.08,-0.08,-0.11,0.07,0.26,0.12,0.30,6,no_change,success,success,success,success,failure,failure
V503K,0.10,RBD,-5.96,-0.68,-0.77,-1.45,0.12,-0.09,0.20,-2.58,78,charge_gain,success,success,success,success,failure,success
V503L,0.03,RBD,-2.04,-0.13,0.02,-0.04,0.07,0.28,0.12,-0.02,6,no_change,success,success,failure,success,failure,failure
V503M,0.10,RBD,-5.31,-0.01,-0.02,-0.40,0.08,0.15,0.13,-0.44,24,no_change,success,success,success,success,failure,failure
V503R,0.01,RBD,-1.09,-0.24,-1.13,-1.19,0.11,-0.01,0.33,-3.61,78,charge_gain,success,success,success,success,failure,success
N330F,2.93,ACE2,-6.38,-1.28,-1.09,-0.81,0.41,-0.40,0.32,1.97,0,polarity_loss,success,success,success,success,failure,success
N330H,2.64,ACE2,1.48,-0.05,0.18,0.22,0.63,0.63,0.15,0.38,0,charge_gain,failure,success,failure,failure,failure,failure
N330L,2.18,ACE2,0.20,-0.76,-0.54,-1.04,0.61,-0.85,0.15,1.84,6,polarity_loss,failure,success,success,success,failure,success
N330Q,1.27,ACE2,3.25,-0.27,-0.22,-0.50,0.68,0.86,0.12,-0.07,6,no_change,failure,success,success,success,failure,failure
N330W,2.95,ACE2,-3.45,-1.14,-0.97,-1.45,0.54,-0.86,0.56,1.59,0,polarity_loss,success,success,success,success,failure,success
N330Y,3.08,ACE2,-2.99,-0.74,-0.54,0.86,0.40,0.09,0.38,1.04,0,no_change,success,success,success,failure,failure,failure
Q24T,1.57,ACE2,6.66,-0.39,-0.77,-0.70,0.65,-0.24,-0.16,0.80,-6,no_change,failure,success,success,success,failure,success
Q325G,0.29,ACE2,2.39,-0.02,-0.14,-0.01,0.19,0.20,-0.35,1.33,-8,polarity_loss,failure,success,success,success,failure,failure
Q325H,0.36,ACE2,2.67,0.01,0.01,-0.01,0.14,0.20,0.03,0.45,-6,charge_gain,failure,failure,failure,success,failure,failure
Q325P,2.76,ACE2,0.75,-0.03,-0.03,-0.05,-0.32,0.18,-0.12,0.97,-7,polarity_loss,failure,success,success,success,success,failure
Q325T,0.38,ACE2,0.66,-0.01,0.01,-0.01,0.11,0.20,-0.16,0.80,-6,no_change,failure,success,failure,success,failure,failure
Q325Y,0.37,ACE2,2.09,-0.97,0.01,-0.35,0.21,0.08,0.26,1.11,-6,no_change,failure,success,failure,success,failure,failure
Q42C,2.85,ACE2,2.82,-0.01,0.01,1.96,0.86,0.71,-0.20,1.14,-6,polarity_loss,failure,success,failure,failure,failure,failure
Q42H,1.40,ACE2,-4.93,0.03,-0.73,2.04,0.57,1.04,0.03,0.45,-6,charge_gain,success,failure,success,failure,failure,failure
Q42I,1.71,ACE2,1.54,-0.15,-0.21,1.91,0.70,0.69,0.03,2.23,0,polarity_loss,failure,success,success,failure,failure,failure
Q42K,1.73,ACE2,-3.41,-0.05,0.02,0.66,0.91,1.12,0.11,-0.65,72,charge_gain,success,success,failure,failure,failure,failure
Q42L,2.74,ACE2,-0.53,0.01,-0.32,1.96,0.76,-0.03,0.03,1.91,0,polarity_loss,success,failure,success,failure,failure,success
Q42M,2.48,ACE2,2.02,-0.03,-0.15,1.64,0.67,0.34,0.04,1.49,18,polarity_loss,failure,success,success,failure,failure,failure
Q42R,0.84,ACE2,0.07,0.07,-2.00,0.24,0.45,0.67,0.24,-1.68,72,charge_gain,failure,failure,success,failure,failure,failure
Q42T,0.39,ACE2,7.66,-0.06,0.02,2.02,0.69,0.60,-0.16,0.80,-6,no_change,failure,success,failure,failure,failure,failure
Q42V,1.92,ACE2,3.37,-0.06,0.03,1.99,0.58,0.59,-0.09,1.93,-6,polarity_loss,failure,success,failure,failure,failure,failure
S19F,1.13,ACE2,-0.41,0.06,0.03,0.00,0.16,-0.13,0.46,1.37,0,polarity_loss,success,failure,failure,failure,failure,success
S19I,0.77,ACE2,-2.34,0.04,0.02,0.00,0.20,0.26,0.28,1.56,6,polarity_loss,success,failure,failure,failure,failure,failure
S19P,2.33,ACE2,-2.97,0.01,-0.02,0.01,0.19,1.75,0.14,0.30,-1,polarity_loss,success,failure,success,failure,failure,failure
S19T,0.72,ACE2,4.87,0.00,0.00,0.00,0.10,0.13,0.10,0.13,0,no_change,failure,failure,failure,failure,failure,failure
S19V,1.09,ACE2,-1.22,0.04,0.03,0.00,0.17,0.13,0.16,1.26,0,polarity_loss,success,failure,failure,failure,failure,failure
S19W,1.07,ACE2,-1.44,0.07,0.03,0.00,0.16,-0.36,0.70,0.99,0,polarity_loss,success,failure,failure,failure,failure,success
S19Y,1.05,ACE2,-1.07,0.06,0.04,0.00,0.16,-0.25,0.52,0.44,0,no_change,success,failure,failure,failure,failure,success
T27A,2.11,ACE2,6.42,0.85,1.05,1.01,0.52,1.51,-0.14,0.67,-2,polarity_loss,failure,failure,failure,failure,failure,failure
T27C,2.42,ACE2,3.56,0.02,0.94,0.22,0.95,0.96,-0.04,0.34,0,polarity_loss,failure,failure,failure,failure,failure,failure
T27D,2.10,ACE2,0.69,-0.39,-0.52,1.02,0.73,1.84,0.02,-0.85,0,charge_gain,failure,success,success,failure,failure,failure
T27F,2.29,ACE2,-11.56,-1.80,-1.68,-0.67,0.18,0.28,0.36,1.24,0,polarity_loss,success,success,success,success,failure,failure
T27H,2.34,ACE2,-8.12,-0.23,0.45,-0.98,0.45,0.91,0.18,-0.35,0,charge_gain,success,success,failure,success,failure,failure
T27K,1.65,ACE2,0.74,0.24,0.25,-1.18,0.35,1.25,0.26,-1.45,78,charge_gain,failure,failure,failure,success,failure,failure
T27L,2.85,ACE2,0.70,-0.82,-0.61,-0.94,0.27,-0.20,0.19,1.11,6,polarity_loss,failure,success,success,success,failure,success
T27M,2.55,ACE2,3.04,-1.32,-0.73,-0.55,0.21,0.42,0.20,0.69,24,polarity_loss,failure,success,success,success,failure,failure
T27P,0.51,ACE2,1.85,0.97,1.21,1.01,1.21,2.71,0.03,0.17,-1,polarity_loss,failure,failure,failure,failure,failure,failure
T27R,0.25,ACE2,-2.63,0.83,0.74,-0.64,0.66,1.15,0.40,-2.48,78,charge_gain,success,failure,failure,success,failure,failure
T27S,0.77,ACE2,-2.67,0.60,1.53,1.16,0.59,1.88,-0.10,-0.13,0,no_change,success,failure,failure,failure,failure,failure
T27W,2.11,ACE2,-16.64,-0.10,-0.10,-0.89,0.76,0.01,0.60,0.86,0,polarity_loss,success,success,success,success,failure,failure
T27Y,2.70,ACE2,-6.54,-1.53,-1.51,-0.77,0.47,0.37,0.42,0.31,0,no_change,success,success,success,success,failure,failure
T324A,1.40,ACE2,2.15,0.01,0.04,0.00,0.24,0.00,-0.14,0.67,-2,polarity_loss,failure,failure,failure,failure,failure,failure
T324E,2.49,ACE2,-6.73,-0.34,-1.12,0.15,0.23,0.26,0.13,-0.69,6,charge_gain,success,success,success,failure,failure,failure
T324P,2.69,ACE2,1.48,0.01,-0.07,0.00,-0.85,0.00,0.03,0.17,-1,polarity_loss,failure,failure,success,failure,success,failure
T324Q,0.49,ACE2,-1.17,0.18,-0.81,0.74,0.24,0.47,0.16,-0.80,6,no_change,success,failure,success,failure,failure,failure
T324S,1.05,ACE2,2.37,0.01,0.22,0.00,0.06,0.00,-0.10,-0.13,0,no_change,failure,failure,failure,failure,failure,failure
Y41R,1.68,ACE2,2.38,2.25,0.81,0.98,2.35,2.02,-0.02,-2.79,78,charge_gain,failure,failure,failure,failure,failure,failure
Y83C,0.41,ACE2,6.91,1.76,1.83,1.09,2.10,1.37,-0.46,0.03,0,polarity_loss,failure,failure,failure,failure,failure,failure
Y83L,0.45,ACE2,1.44,1.67,1.32,0.73,1.40,0.51,-0.23,0.80,6,polarity_loss,failure,failure,failure,failure,failure,failure
Y83V,0.74,ACE2,7.27,1.75,1.83,1.07,2.09,1.23,-0.35,0.82,0,polarity_loss,failure,failure,failure,failure,failure,failure
N501F,0.29,RBD,-3.89,5.58,6.88,0.11,0.63,-0.26,0.32,1.97,0,polarity_loss,success,failure,failure,failure,failure,success
N501T,0.10,RBD,1.18,-1.17,-1.93,0.01,-0.61,-0.16,-0.04,0.73,0,no_change,failure,success,success,failure,success,success
N501V,0.15,RBD,-3.01,-0.91,-1.34,0.01,-0.15,-0.03,0.03,1.86,0,polarity_loss,success,success,success,failure,success,success
N501W,0.11,RBD,-18.15,4.05,2.80,-0.01,1.48,-0.85,0.56,1.59,0,polarity_loss,success,failure,failure,success,failure,success
N501Y,0.24,RBD,1.90,3.03,6.28,0.32,0.65,-0.17,0.38,1.04,0,no_change,failure,failure,failure,failure,failure,success
Q493A,0.13,RBD,6.13,0.24,0.24,0.75,0.54,0.44,-0.29,1.47,-8,polarity_loss,failure,failure,failure,failure,failure,failure
Q493F,0.06,RBD,-8.64,-1.33,-1.40,-0.44,-0.05,-0.63,0.20,2.04,-6,polarity_loss,success,success,success,success,success,success
Q493G,0.01,RBD,5.74,0.36,0.38,0.77,0.98,0.45,-0.35,1.33,-8,polarity_loss,failure,failure,failure,failure,failure,failure
Q493K,0.05,RBD,-10.77,-0.41,-0.31,-0.73,0.12,0.47,0.11,-0.65,72,charge_gain,success,success,success,success,failure,failure
Q493L,0.05,RBD,-0.25,-0.89,-0.38,0.06,0.02,-0.84,0.03,1.91,0,polarity_loss,success,success,success,failure,failure,success
Q493M,0.18,RBD,2.27,-1.08,-0.96,-1.06,-0.02,-0.74,0.04,1.49,18,polarity_loss,failure,success,success,success,success,success
Q493V,0.05,RBD,-0.59,0.59,0.57,0.54,0.41,-0.05,-0.09,1.93,-6,polarity_loss,success,failure,failure,failure,failure,success
Q493Y,0.12,RBD,0.74,-1.54,-2.10,-1.30,-0.07,-0.99,0.26,1.11,-6,no_change,failure,success,success,success,success,success
Q498F,0.15,RBD,-7.18,-0.79,-1.56,-0.67,-1.65,-0.63,0.20,2.04,-6,polarity_loss,success,success,success,success,success,success
Q498H,0.30,RBD,-5.97,-0.67,-0.36,-0.42,0.32,0.13,0.03,0.45,-6,charge_gain,success,success,success,success,failure,failure
Q498W,0.07,RBD,-9.42,-1.35,-3.48,0.04,0.55,-0.62,0.44,1.66,-6,polarity_loss,success,success,success,failure,failure,success
Q498Y,0.16,RBD,-9.40,-1.61,-2.58,-0.64,-1.84,-0.86,0.26,1.11,-6,no_change,success,success,success,success,success,success
S477D,0.09,RBD,1.34,-0.08,-0.10,0.20,0.20,0.28,0.12,-0.72,0,charge_gain,failure,success,success,failure,failure,failure
S477K,0.03,RBD,-0.88,0.03,0.03,0.32,0.18,0.32,0.36,-1.32,78,charge_gain,success,failure,failure,failure,failure,failure
S477N,0.06,RBD,1.61,0.04,0.04,0.00,-0.11,0.00,0.14,-0.60,0,no_change,failure,failure,failure,failure,success,failure
S477P,0.06,RBD,-3.39,0.00,0.00,0.06,-0.20,0.23,0.14,0.30,-1,polarity_loss,success,failure,failure,failure,success,failure
S477W,0.02,RBD,-8.41,0.12,0.11,-0.19,0.16,0.14,0.70,0.99,0,polarity_loss,success,failure,failure,success,failure,failure
Y453F,0.25,RBD,0.99,-0.41,-0.31,-0.36,-0.19,0.68,-0.06,0.93,0,polarity_loss,failure,success,success,success,success,failure
Y453K,0.08,RBD,-4.07,0.52,0.45,-0.50,0.73,1.87,-0.16,-1.76,78,charge_gain,success,failure,failure,success,failure,failure
Y505W,0.13,RBD,-5.56,0.70,-0.05,1.27,0.50,1.05,0.18,0.55,0,polarity_loss,success,failure,success,failure,failure,failure
D30E,2.29,ACE2,1.60,0.01,0.70,0.25,-0.07,0.71,0.12,0.16,6,no_change,failure,failure,failure,failure,success,failure
D30I,1.62,ACE2,6.26,0.00,0.57,0.74,0.53,0.40,0.17,2.28,6,charge_loss,failure,failure,failure,failure,failure,failure
D30T,0.54,ACE2,14.01,-0.67,0.30,0.72,0.38,0.26,-0.02,0.85,0,charge_loss,failure,success,failure,failure,failure,failure
D30V,1.24,ACE2,8.82,-1.18,0.07,0.61,0.62,0.21,0.05,1.98,0,charge_loss,failure,success,failure,failure,failure,failure
E35A,0.59,ACE2,-4.94,-0.14,-0.21,-0.10,0.56,0.53,-0.27,1.36,-8,charge_loss,success,success,success,success,failure,failure
E35C,1.79,ACE2,-3.83,-0.16,-0.22,-0.14,0.59,0.23,-0.18,1.03,-6,charge_loss,success,success,success,success,failure,failure
E35D,1.41,ACE2,-0.27,0.03,0.06,-0.04,0.52,0.85,-0.12,-0.16,-6,no_change,success,failure,failure,success,failure,failure
E35M,1.04,ACE2,-2.46,-0.11,-0.16,-0.13,0.17,-0.03,0.06,1.38,18,charge_loss,success,success,success,success,failure,success
E35Q,0.32,ACE2,-3.42,-0.17,-0.26,-0.32,0.07,0.96,0.02,-0.11,0,charge_loss,success,success,success,success,failure,failure
E35V,1.74,ACE2,-4.45,-0.23,-0.30,-0.14,0.45,0.09,-0.07,1.82,-6,charge_loss,success,success,success,success,failure,failure
H34A,3.17,ACE2,6.28,0.57,0.43,0.35,0.91,0.92,-0.32,1.02,-2,charge_loss,failure,failure,failure,failure,failure,failure
H34P,2.66,ACE2,6.89,0.42,1.83,0.05,0.93,2.03,-0.15,0.52,-1,charge_loss,failure,failure,failure,failure,failure,failure
H34S,1.69,ACE2,11.44,0.36,0.62,-0.43,0.68,1.00,-0.28,0.22,0,charge_loss,failure,failure,failure,success,failure,failure
H34V,2.87,ACE2,3.67,0.35,0.67,-0.47,0.38,0.22,-0.12,1.48,0,charge_loss,failure,failure,failure,success,failure,failure
K31F,0.75,ACE2,-14.16,-1.27,-1.42,-0.04,0.59,-0.35,0.10,2.69,-78,charge_loss,success,success,success,success,failure,success
K31W,2.56,ACE2,-21.15,-0.24,-0.61,0.10,0.99,-0.53,0.34,2.31,-78,charge_loss,success,success,success,failure,failure,success
K31Y,1.85,ACE2,-12.35,-1.79,-2.54,-1.31,0.30,-0.88,0.16,1.76,-78,charge_loss,success,success,success,success,failure,success
R393A,0.95,ACE2,2.15,0.10,0.23,-0.08,1.04,0.74,-0.53,3.15,-80,charge_loss,failure,failure,failure,success,failure,failure
R393H,0.24,ACE2,0.68,0.41,0.13,-0.08,1.52,0.74,-0.21,2.13,-78,no_change,failure,failure,failure,success,failure,failure
R393K,1.98,ACE2,-1.21,0.04,-0.02,-0.08,0.59,1.21,-0.14,1.03,0,no_change,success,failure,success,success,failure,failure
R393M,0.98,ACE2,2.62,0.02,-0.09,-0.08,0.88,0.19,-0.20,3.17,-54,charge_loss,failure,failure,success,success,failure,failure
E484K,0.06,RBD,3.92,-0.14,-0.16,-0.16,0.16,0.95,0.13,-0.76,72,no_change,failure,success,success,success,failure,failure
E484Q,0.03,RBD,2.86,-0.08,-0.12,-0.04,0.11,1.00,0.02,-0.11,0,charge_loss,failure,success,success,success,failure,failure
E484R,0.15,RBD,1.62,-0.17,-0.20,0.12,0.13,0.74,0.26,-1.79,72,no_change,failure,success,success,failure,failure,failure
E484T,0.05,RBD,4.06,-0.08,-0.10,-0.19,0.04,0.05,-0.13,0.69,-6,charge_loss,failure,success,success,success,failure,failure
A386C,-0.66,ACE2,2.93,0.00,0.00,-0.04,0.32,0.19,0.09,-0.33,2,no_change,success,failure,failure,failure,success,success
A386E,-0.86,ACE2,-1.27,0.16,0.20,0.05,0.25,0.22,0.27,-1.36,8,charge_gain,failure,success,success,success,success,success
A386Q,-1.59,ACE2,-3.86,0.01,-0.08,0.01,0.02,0.21,0.29,-1.47,8,polarity_gain,failure,success,failure,success,success,success
F28C,-1.93,ACE2,4.32,-0.18,-0.36,0.15,1.11,1.02,-0.40,-0.90,0,no_change,success,failure,failure,success,success,success
F28E,-3.29,ACE2,2.50,-2.26,-2.63,0.16,2.62,1.63,-0.22,-1.93,6,charge_gain,success,failure,failure,success,success,success
F28G,-2.46,ACE2,0.25,-0.01,-0.12,0.15,1.30,1.30,-0.55,-0.71,-2,no_change,success,failure,failure,success,success,success
F28K,-3.34,ACE2,2.32,-0.01,-0.18,0.15,1.28,1.71,-0.10,-2.69,78,charge_gain,success,failure,failure,success,success,success
F28L,-1.53,ACE2,-0.55,-0.41,-0.39,0.03,1.22,0.24,-0.17,-0.13,6,no_change,failure,failure,failure,success,success,success
F28N,-2.43,ACE2,0.91,-1.16,-1.38,-0.40,1.33,1.46,-0.32,-1.97,0,polarity_gain,success,failure,failure,failure,success,success
F28Q,-2.36,ACE2,0.99,-0.16,-0.17,0.15,1.39,1.91,-0.20,-2.04,6,polarity_gain,success,failure,failure,success,success,success
F28T,-1.78,ACE2,5.20,-0.01,-0.12,0.56,1.54,1.03,-0.36,-1.24,0,polarity_gain,success,failure,failure,success,success,success
F28V,-2.05,ACE2,1.74,-0.44,-0.13,0.17,1.22,0.89,-0.30,-0.11,0,no_change,success,failure,failure,success,success,success
G326C,-2.89,ACE2,-2.11,-0.30,-0.32,-0.24,0.24,0.12,0.15,-0.19,2,no_change,failure,failure,failure,failure,success,success
G326F,-2.49,ACE2,-17.94,4.63,4.67,1.81,1.43,0.88,0.55,0.71,2,no_change,failure,success,success,success,success,success
G326H,-2.61,ACE2,-9.97,2.59,2.56,-0.28,0.54,0.18,0.37,-0.88,2,charge_gain,failure,success,success,failure,success,success
G326T,-1.75,ACE2,-6.00,-0.31,-0.87,-0.45,-0.70,0.08,0.19,-0.53,2,polarity_gain,failure,failure,failure,failure,failure,success
G326W,-2.10,ACE2,-16.99,6.17,0.50,1.55,1.58,0.88,0.79,0.33,2,no_change,failure,success,success,success,success,success
G326Y,-1.97,ACE2,-10.49,4.19,4.03,5.02,1.35,2.00,0.61,-0.22,2,polarity_gain,failure,success,success,success,success,success
G354I,-2.50,ACE2,-6.64,1.97,1.87,-1.03,1.16,0.25,0.37,0.90,8,no_change,failure,success,success,failure,success,success
G354K,-3.24,ACE2,-3.72,0.70,0.80,-0.67,-0.06,1.13,0.45,-1.98,80,charge_gain,failure,success,success,failure,failure,success
G354Q,-2.50,ACE2,-9.05,-0.04,-0.08,1.15,0.54,1.85,0.35,-1.33,8,polarity_gain,failure,failure,failure,success,success,success
G354Y,-1.75,ACE2,-12.63,0.89,1.08,-2.88,1.58,-0.84,0.61,-0.22,2,polarity_gain,failure,success,success,failure,success,failure
L45G,-2.48,ACE2,3.49,0.44,0.42,0.15,0.92,0.26,-0.38,-0.58,-8,no_change,success,success,success,success,success,success
L45K,-2.14,ACE2,5.14,0.22,0.00,-1.19,0.67,-0.10,0.07,-2.56,72,charge_gain,success,success,failure,failure,success,failure
L79G,-0.87,ACE2,3.08,1.14,1.01,0.84,0.59,1.85,-0.38,-0.58,-8,no_change,success,success,success,success,success,success
M82P,-1.39,ACE2,4.13,1.69,1.59,0.60,1.25,2.55,-0.16,-0.52,-25,no_change,success,success,success,success,success,success
F456V,-0.61,RBD,5.10,2.09,2.01,1.58,1.19,1.38,-0.30,-0.11,0,no_change,success,success,success,success,success,success
F490M,-0.03,RBD,-2.56,0.01,0.00,0.00,0.09,0.00,-0.16,-0.55,24,no_change,failure,success,failure,failure,success,failure
G446S,-0.20,RBD,-4.64,-0.11,-0.43,0.05,-0.18,0.99,0.09,-0.66,2,polarity_gain,failure,failure,failure,success,failure,success
G476L,-2.51,RBD,-2.88,1.44,0.91,-0.03,1.10,-0.36,0.38,0.58,8,no_change,failure,success,success,failure,success,failure
G476S,-0.02,RBD,0.79,1.06,0.60,0.01,0.58,0.98,0.09,-0.66,2,polarity_gain,success,success,success,success,success,success
G502A,-2.80,RBD,-2.68,2.28,2.27,0.82,1.42,1.18,0.05,0.14,0,no_change,failure,success,success,success,success,success
G502E,-4.67,RBD,-6.96,3.31,3.29,1.29,1.34,1.51,0.33,-1.22,8,charge_gain,failure,success,success,success,success,success
G502F,-4.80,RBD,-26.17,2.15,2.29,-0.57,1.05,0.04,0.55,0.71,2,no_change,failure,success,success,failure,success,success
G502I,-4.66,RBD,-2.73,3.42,3.40,1.07,0.76,0.98,0.37,0.90,8,no_change,failure,success,success,success,success,success
G502K,-4.16,RBD,-9.05,2.57,2.58,2.59,0.97,2.30,0.45,-1.98,80,charge_gain,failure,success,success,success,success,success
G502L,-4.80,RBD,-4.64,1.98,1.93,-0.18,0.98,-0.20,0.38,0.58,8,no_change,failure,success,success,failure,success,failure
G502M,-4.80,RBD,-6.36,1.98,2.27,-0.80,1.20,0.07,0.39,0.16,26,no_change,failure,success,success,failure,success,success
G502N,-4.38,RBD,-1.27,2.64,2.48,1.18,1.09,1.67,0.23,-1.26,2,polarity_gain,failure,success,success,success,success,success
G502V,-4.80,RBD,-6.64,3.39,3.36,0.75,1.01,0.73,0.25,0.60,2,no_change,failure,success,success,success,success,success
L455P,-0.95,RBD,-6.63,2.16,2.30,0.95,2.47,3.14,-0.15,-0.94,-7,no_change,failure,success,success,success,success,success
V445Q,-0.04,RBD,-0.29,-0.24,-0.27,0.14,0.09,0.25,0.09,-1.93,6,polarity_gain,failure,failure,failure,success,success,success
N330D,-0.99,ACE2,2.31,0.10,-0.21,-0.15,1.44,0.80,-0.02,-0.12,0,charge_gain,success,success,failure,failure,success,success
N330R,-1.59,ACE2,-0.30,-0.49,-0.26,-0.57,0.47,0.49,0.36,-1.75,78,charge_gain,failure,failure,failure,failure,success,success
Q24F,-2.37,ACE2,-5.37,2.92,2.47,-0.70,1.17,-0.48,0.20,2.04,-6,polarity_loss,failure,success,success,failure,success,failure
Q24K,-1.59,ACE2,5.07,0.29,-0.62,-0.96,0.75,0.57,0.11,-0.65,72,charge_gain,success,success,failure,failure,success,success
Q24Y,-3.38,ACE2,-2.75,2.69,2.49,2.41,1.41,0.49,0.26,1.11,-6,no_change,failure,success,success,success,success,success
Q325S,-0.32,ACE2,1.47,-0.02,0.00,0.01,0.30,0.20,-0.26,0.67,-6,no_change,success,failure,failure,success,success,success
Q42W,-2.44,ACE2,-7.10,-0.22,0.01,0.77,0.70,0.08,0.44,1.66,-6,polarity_loss,failure,failure,success,success,success,success
S19L,-0.49,ACE2,1.58,0.04,0.04,0.00,0.17,-0.48,0.29,1.24,6,polarity_loss,success,success,success,failure,success,failure
S19N,-0.39,ACE2,3.59,0.07,0.04,0.00,0.09,0.85,0.14,-0.60,0,no_change,success,success,success,failure,success,success
T324G,-0.79,ACE2,6.77,0.06,0.02,0.00,0.61,0.00,-0.19,0.53,-2,polarity_loss,success,success,success,failure,success,failure
Y41A,-1.78,ACE2,6.90,0.47,1.09,1.80,2.65,2.08,-0.55,0.36,-2,polarity_loss,success,success,success,success,success,success
Y41I,-3.52,ACE2,5.16,0.81,0.84,1.80,2.62,1.80,-0.23,1.12,6,polarity_loss,success,success,success,success,success,success
Y41M,-1.75,ACE2,3.14,0.42,-0.02,1.71,1.76,1.51,-0.22,0.38,24,polarity_loss,success,success,failure,success,success,success
Y41W,-2.24,ACE2,0.65,2.07,0.60,0.83,1.87,0.87,0.18,0.55,0,polarity_loss,success,success,success,success,success,success
Y83D,-1.93,ACE2,4.98,2.28,1.71,1.22,2.48,2.01,-0.40,-1.16,0,charge_gain,success,success,success,success,success,success
Y83E,-2.57,ACE2,10.04,2.04,1.65,1.20,2.49,1.83,-0.28,-1.00,6,charge_gain,success,success,success,success,success,success
Y83Q,-2.35,ACE2,9.20,1.98,1.77,1.14,2.15,2.14,-0.26,-1.11,6,no_change,success,success,success,success,success,success
Y83R,-1.70,ACE2,6.15,1.60,1.35,1.33,1.98,1.90,-0.02,-2.79,78,charge_gain,success,success,success,success,success,success
N487D,-1.08,RBD,-3.98,-0.11,-0.89,0.05,1.22,0.61,-0.02,-0.12,0,charge_gain,failure,failure,failure,success,success,success
N487P,-2.64,RBD,5.25,2.19,2.12,-0.49,1.83,1.39,-0.00,0.90,-1,polarity_loss,success,success,success,failure,success,success
N487Q,-2.09,RBD,1.54,1.89,1.08,-0.19,1.39,0.76,0.12,-0.07,6,no_change,success,success,success,failure,success,success
N501C,-0.58,RBD,-7.22,-0.11,-0.48,-0.01,-0.13,0.10,-0.08,1.07,0,polarity_loss,failure,failure,failure,failure,failure,success
N501Q,-0.06,RBD,-0.56,0.25,-0.30,-0.49,0.87,0.78,0.12,-0.07,6,no_change,failure,success,failure,failure,success,success
N501S,-0.13,RBD,-6.11,0.21,0.40,0.41,-0.40,0.93,-0.14,0.60,0,no_change,failure,success,success,success,failure,success
Q498P,-3.14,RBD,2.41,-0.27,-0.23,-0.15,0.92,1.42,-0.12,0.97,-7,polarity_loss,success,failure,failure,failure,success,success
T500L,-1.52,RBD,-8.07,-0.40,-0.65,1.24,0.47,0.59,0.19,1.11,6,polarity_loss,failure,failure,failure,success,success,success
T500S,-0.32,RBD,-1.21,0.21,0.11,1.62,0.39,2.06,-0.10,-0.13,0,no_change,failure,success,success,success,success,success
Y453D,-3.49,RBD,-2.31,0.07,0.06,-0.09,1.23,1.74,-0.40,-1.16,0,charge_gain,failure,success,success,failure,success,success
Y453E,-1.18,RBD,-1.80,-0.05,-0.08,-0.04,1.43,1.60,-0.28,-1.00,6,charge_gain,failure,failure,failure,failure,success,success
Y453P,-4.80,RBD,-5.90,0.12,0.14,-0.05,0.78,2.65,-0.38,-0.14,-1,polarity_loss,failure,success,success,failure,success,success
Y473D,-2.72,RBD,-0.65,0.41,0.28,0.20,0.90,1.75,-0.40,-1.16,0,charge_gain,failure,success,success,success,success,success
Y473K,-2.59,RBD,-6.76,0.26,0.01,0.10,0.45,1.88,-0.16,-1.76,78,charge_gain,failure,success,success,success,success,success
Y489A,-2.46,RBD,17.21,1.86,1.70,1.64,2.23,2.02,-0.55,0.36,-2,polarity_loss,success,success,success,success,success,success
Y489E,-3.98,RBD,6.06,2.88,1.64,1.75,2.00,2.21,-0.28,-1.00,6,charge_gain,success,success,success,success,success,success
Y489F,-0.95,RBD,-5.79,-0.35,-0.58,0.38,0.28,0.93,-0.06,0.93,0,polarity_loss,failure,failure,failure,success,success,success
Y489S,-4.80,RBD,12.42,1.23,1.32,1.78,1.89,2.37,-0.52,-0.44,0,no_change,success,success,success,success,success,success
Y505C,-2.36,RBD,4.93,2.88,3.48,2.48,0.80,2.20,-0.46,0.03,0,polarity_loss,success,success,success,success,success,success
Y505D,-3.07,RBD,4.03,3.29,3.81,3.08,2.05,2.78,-0.40,-1.16,0,charge_gain,success,success,success,success,success,success
Y505G,-4.65,RBD,3.51,3.45,3.43,3.14,1.11,2.67,-0.61,0.22,-2,polarity_loss,success,success,success,success,success,success
Y505M,-2.32,RBD,5.45,2.52,2.54,1.53,0.93,1.38,-0.22,0.38,24,polarity_loss,success,success,success,success,success,success
Y505P,-4.09,RBD,10.26,3.43,3.58,2.73,1.47,3.75,-0.38,-0.14,-1,polarity_loss,success,success,success,success,success,success
D30A,-1.59,ACE2,9.32,1.47,1.50,1.23,0.37,0.85,-0.15,1.52,-2,charge_loss,success,success,success,success,success,success
D30F,-3.07,ACE2,5.73,0.23,1.46,1.24,0.63,0.19,0.34,2.09,0,charge_loss,success,success,success,success,success,success
D30N,-1.43,ACE2,13.20,-0.91,0.12,0.14,0.26,0.84,0.02,0.12,0,charge_loss,success,failure,success,success,success,success
D30P,-1.92,ACE2,9.51,-0.30,1.83,1.25,0.95,2.07,0.02,1.02,-1,charge_loss,success,failure,success,success,success,success
D355I,-2.55,ACE2,8.36,1.92,1.71,0.52,2.77,0.47,0.17,2.28,6,charge_loss,success,success,success,success,success,success
D355K,-3.01,ACE2,-1.15,1.39,1.11,0.85,2.31,1.34,0.24,-0.60,78,no_change,failure,success,success,success,success,success
D355M,-2.12,ACE2,1.94,1.23,1.03,0.78,1.62,0.30,0.18,1.54,24,charge_loss,success,success,success,success,success,success
D355P,-2.44,ACE2,-1.21,3.42,3.26,0.32,2.20,1.88,0.02,1.02,-1,charge_loss,failure,success,success,success,success,success
D38C,-2.35,ACE2,0.17,1.86,2.64,1.22,1.02,0.57,-0.06,1.19,0,charge_loss,success,success,success,success,success,success
D38G,-1.54,ACE2,4.76,1.66,1.11,1.36,0.81,0.90,-0.21,1.38,-2,charge_loss,success,success,success,success,success,success
D38R,-2.37,ACE2,-7.33,2.03,0.95,0.28,0.57,0.74,0.38,-1.63,78,no_change,failure,success,success,success,success,success
D38W,-2.41,ACE2,-12.42,2.79,0.52,0.56,0.69,-0.28,0.58,1.71,0,charge_loss,failure,success,success,success,success,failure
D38Y,-2.53,ACE2,-4.17,1.00,0.95,1.09,0.80,0.02,0.40,1.16,0,charge_loss,failure,success,success,success,success,success
E37C,-2.86,ACE2,1.46,2.33,2.65,0.55,1.11,0.55,-0.18,1.03,-6,charge_loss,success,success,success,success,success,success
E37F,-2.58,ACE2,-0.87,1.99,2.79,0.59,0.92,0.18,0.22,1.93,-6,charge_loss,failure,success,success,success,success,success
E37G,-1.64,ACE2,2.65,2.54,2.40,0.62,1.16,0.85,-0.33,1.22,-8,charge_loss,success,success,success,success,success,success
E37I,-2.75,ACE2,0.16,1.87,2.16,0.50,0.85,0.53,0.05,2.12,0,charge_loss,success,success,success,success,success,success
E37K,-1.35,ACE2,3.01,1.06,2.00,-0.31,0.83,1.12,0.13,-0.76,72,no_change,success,success,success,failure,success,success
E37L,-1.12,ACE2,-0.09,1.52,1.66,0.22,0.76,-0.30,0.05,1.80,0,charge_loss,failure,success,success,success,success,failure
E37M,-1.19,ACE2,-4.57,2.22,2.41,0.02,1.01,0.10,0.06,1.38,18,charge_loss,failure,success,success,success,success,success
E37R,-1.95,ACE2,3.49,1.48,0.95,-0.60,0.79,0.62,0.26,-1.79,72,no_change,success,success,success,failure,success,success
E37T,-1.14,ACE2,4.70,2.15,1.64,0.52,0.92,0.40,-0.13,0.69,-6,charge_loss,success,success,success,success,success,success
E37V,-1.50,ACE2,-2.16,1.43,2.15,0.51,0.91,0.40,-0.07,1.82,-6,charge_loss,failure,success,success,success,success,success
H34F,-2.43,ACE2,-5.55,-1.52,-2.10,-0.74,0.62,-0.11,0.18,1.59,0,charge_loss,failure,failure,failure,failure,success,failure
H34K,-1.86,ACE2,4.23,-0.60,0.37,-0.38,0.21,1.16,0.08,-1.10,78,no_change,success,failure,success,failure,success,success
H34Q,-1.60,ACE2,2.48,0.53,0.78,0.10,0.05,1.31,-0.03,-0.45,6,charge_loss,success,success,success,success,success,success
K31M,-0.43,ACE2,0.50,-1.34,-0.25,-0.72,0.50,-0.49,-0.06,2.14,-54,charge_loss,success,failure,failure,failure,success,failure
K31P,-2.73,ACE2,9.04,2.57,2.57,0.62,2.18,1.74,-0.23,1.62,-79,charge_loss,success,success,success,success,success,success
K353A,-2.66,ACE2,3.82,2.36,1.69,0.97,1.79,0.68,-0.40,2.12,-80,charge_loss,success,success,success,success,success,success
K353D,-2.44,ACE2,-1.59,2.22,2.39,1.06,1.60,1.03,-0.24,0.60,-78,no_change,failure,success,success,success,success,success
K353E,-1.29,ACE2,-1.30,3.21,2.94,0.68,2.10,0.77,-0.13,0.76,-72,no_change,failure,success,success,success,success,success
K353G,-2.52,ACE2,1.29,2.47,1.72,1.66,1.07,0.91,-0.45,1.98,-80,charge_loss,success,success,success,success,success,success
K353H,-2.57,ACE2,-7.75,3.41,3.24,0.26,0.96,0.46,-0.08,1.10,-78,no_change,failure,success,success,success,success,success
K353R,-1.44,ACE2,0.19,2.49,-0.32,0.71,0.15,0.80,0.14,-1.03,0,no_change,success,success,failure,success,success,success
K353S,-2.53,ACE2,2.91,3.00,2.15,1.25,1.68,1.09,-0.36,1.32,-78,charge_loss,success,success,success,success,success,success
K353V,-2.52,ACE2,5.15,5.08,4.79,0.78,2.24,0.18,-0.20,2.58,-78,charge_loss,success,success,success,success,success,success
K353W,-2.72,ACE2,-12.99,1.75,1.45,1.20,1.41,-0.10,0.34,2.31,-78,charge_loss,failure,success,success,success,success,failure
R357A,-2.41,ACE2,2.63,0.29,0.25,-0.21,1.83,0.59,-0.53,3.15,-80,charge_loss,success,success,success,failure,success,success
R357D,-2.62,ACE2,4.49,0.80,0.54,-0.21,2.22,0.90,-0.38,1.63,-78,no_change,success,success,success,failure,success,success
R357E,-2.42,ACE2,4.52,0.99,0.79,-0.14,1.80,0.77,-0.26,1.79,-72,no_change,success,success,success,failure,success,success
R357F,-2.40,ACE2,0.82,0.84,1.15,-0.35,2.34,-0.12,-0.04,3.72,-78,charge_loss,success,success,success,failure,success,failure
R357G,-1.84,ACE2,3.39,0.32,0.34,-0.21,2.36,0.59,-0.59,3.01,-80,charge_loss,success,success,success,failure,success,success
R357I,-2.48,ACE2,6.38,0.37,0.45,-0.21,1.88,0.31,-0.21,3.91,-72,charge_loss,success,success,success,failure,success,success
R357N,-2.61,ACE2,3.88,0.41,0.54,-0.21,1.84,0.90,-0.36,1.75,-78,charge_loss,success,success,success,failure,success,success
R357P,-2.44,ACE2,5.04,0.67,0.55,-0.21,2.05,1.80,-0.36,2.65,-79,charge_loss,success,success,success,failure,success,success
R393S,-0.21,ACE2,0.38,0.02,0.46,-0.08,1.38,1.04,-0.50,2.35,-78,charge_loss,success,success,success,failure,success,success
E484S,-0.02,RBD,2.13,-0.09,-0.12,-0.19,-0.02,0.78,-0.24,0.56,-6,charge_loss,success,failure,failure,failure,failure,success
K417G,-0.51,RBD,8.95,0.92,1.15,1.32,0.64,0.61,-0.45,1.98,-80,charge_loss,success,success,success,success,success,success
R403W,-2.82,RBD,-4.20,-0.38,0.24,-0.18,0.68,0.14,0.20,3.34,-78,charge_loss,failure,failure,success,failure,success,success
