case_id,protein,mutation_type,binding_value,succ_rate
D30E,ACE2,E,-0.632,1
D30I,ACE2,E,-0.933,1
D30T,ACE2,E,-0.053,1
D30V,ACE2,E,-0.674,1
H34A,ACE2,E,0.839,0
H34P,ACE2,E,-0.083,1
H34S,ACE2,E,1.086,0
H34V,ACE2,E,-0.691,1
K31F,ACE2,E,-0.634,1
K31W,ACE2,E,0.076,0
K31Y,ACE2,E,-0.645,1
L455M,RBD,E,1.217,0
L45I,ACE2,E,0.628,0
N501F,RBD,E,-1.246,1
N501T,RBD,E,0.075,0
N501V,RBD,E,0.17,0
N501W,RBD,E,-0.56,1
N501Y,RBD,E,-1.625,1
Q24T,ACE2,E,0.135,0
Q42C,ACE2,E,2.106,0
Q42H,ACE2,E,0.696,0
Q42I,ACE2,E,0.283,0
Q42K,ACE2,E,0.255,0
Q42L,ACE2,E,-0.248,1
Q42M,ACE2,E,0.684,0
Q42R,ACE2,E,-0.535,1
Q42T,ACE2,E,0.427,0
Q42V,ACE2,E,0.393,0
Q493A,RBD,E,1.056,0
Q493F,RBD,E,-0.027,1
Q493G,RBD,E,1.199,0
Q493K,RBD,E,-0.592,1
Q493L,RBD,E,-0.706,1
Q493M,RBD,E,0.751,0
Q493V,RBD,E,0.317,0
Q493Y,RBD,E,-0.658,1
Q498F,RBD,E,-0.401,1
Q498H,RBD,E,0.554,0
Q498W,RBD,E,0.526,0
Q498Y,RBD,E,-0.583,1
T27A,ACE2,E,-0.24,1
T27C,ACE2,E,1.662,0
T27D,ACE2,E,0.494,0
T27F,ACE2,E,-1.513,1
T27H,ACE2,E,-0.293,1
T27K,ACE2,E,-0.523,1
T27L,ACE2,E,-1.549,1
T27M,ACE2,E,-0.363,1
T27P,ACE2,E,-0.285,1
T27R,ACE2,E,-1.294,1
T27S,ACE2,E,0.053,0
T27W,ACE2,E,-0.403,1
T27Y,ACE2,E,-1.369,1
Y41R,ACE2,E,-0.458,1
Y505W,RBD,E,1.139,0
Y83C,ACE2,E,2.346,0
Y83L,ACE2,E,-0.162,1
Y83V,ACE2,E,0.612,0
D30F,ACE2,MD,-1.409,0
D355I,ACE2,MD,-0.026,0
D355K,ACE2,MD,-0.385,0
D355P,ACE2,MD,0.296,1
D38C,ACE2,MD,1.489,1
D38R,ACE2,MD,-2.504,0
D38W,ACE2,MD,-1.531,0
D38Y,ACE2,MD,-2.491,0
G354I,ACE2,MD,-1.928,0
G354K,ACE2,MD,-1.76,0
G354Q,ACE2,MD,-1.724,0
G502A,RBD,MD,-1.217,0
G502E,RBD,MD,-2.093,0
G502F,RBD,MD,-1.915,0
G502I,RBD,MD,-1.528,0
G502K,RBD,MD,-2.13,0
G502L,RBD,MD,-2.236,0
G502M,RBD,MD,-1.184,0
G502N,RBD,MD,-1.672,0
G502V,RBD,MD,-1.498,0
H34F,ACE2,MD,-1.168,0
K31P,ACE2,MD,4.019,1
K353A,ACE2,MD,0.969,1
K353D,ACE2,MD,0.863,1
K353G,ACE2,MD,0.641,1
K353H,ACE2,MD,0.433,1
K353S,ACE2,MD,0.612,1
K353V,ACE2,MD,0.209,1
K353W,ACE2,MD,-1.456,0
N487P,RBD,MD,-0.096,0
Q24F,ACE2,MD,-1.14,0
Q24Y,ACE2,MD,-1.124,0
Q42W,ACE2,MD,0.598,1
Q498P,RBD,MD,0.619,1
Y41I,ACE2,MD,0.435,1
Y489E,RBD,MD,0.191,1
Y489S,RBD,MD,1.172,1
Y505D,RBD,MD,0.342,1
Y505G,RBD,MD,1.082,1
Y505P,RBD,MD,1.098,1
Y83E,ACE2,MD,0.57,1
Y83Q,ACE2,MD,0.668,1
D30A,ACE2,RD,-0.017,0
D30N,ACE2,RD,0.067,1
D30P,ACE2,RD,0.085,1
D355M,ACE2,RD,0.514,1
F456V,RBD,RD,0.267,1
G354Y,ACE2,RD,-2.291,0
H34K,ACE2,RD,-0.539,0
H34Q,ACE2,RD,-0.687,0
K31M,ACE2,RD,0.438,1
K353E,ACE2,RD,-0.135,0
K353R,ACE2,RD,-0.742,0
L45K,ACE2,RD,0.483,1
N487D,RBD,RD,0.129,1
N487Q,RBD,RD,-0.643,0
N501C,RBD,RD,1.748,1
N501Q,RBD,RD,-0.194,0
N501S,RBD,RD,0.036,1
Q24K,ACE2,RD,0.055,1
T500L,RBD,RD,-2.103,0
T500S,RBD,RD,-0.084,0
Y41A,ACE2,RD,0.768,1
Y41M,ACE2,RD,0.955,1
Y41W,ACE2,RD,1.04,1
Y489A,RBD,RD,1.447,1
Y489F,RBD,RD,-0.032,0
Y505C,RBD,RD,2.427,1
Y505M,RBD,RD,1.167,1
Y83D,ACE2,RD,1.242,1
Y83R,ACE2,RD,-0.0,1
